{
  "timestamp": "2025-08-22T23:05:44.922539",
  "samples": 2997,
  "accuracy": 0.7197197197197197,
  "precision_weighted": 0.7197205364005038,
  "recall_weighted": 0.7197197197197197,
  "f1_weighted": 0.7197188459852734,
  "roc_auc": 0.8007704297483856,
  "pr_auc": 0.8035125833069274,
  "brier_score": 0.1852495215366344,
  "confusion_matrix": [
    [
      1075,
      422
    ],
    [
      418,
      1082
    ]
  ]
}